<?xml version="1.0" encoding="UTF-8"?>

<!--Copyright (c) 2012 by Subset Games. All rights reserved.-->
<img x="-28" y="-43" w="233" h="326" />
<offsets>
	<floor x="116" y="163" />
	<cloak x="116" y="163" />
</offsets>
<weaponMounts>
	<mount x="217" y="53" rotate="false" mirror="false" gib="-1" slide="up" />
	<mount x="14" y="53" rotate="false" mirror="true" gib="-1" slide="up" />
	<mount x="83" y="84" rotate="false" mirror="true" gib="-1" slide="up" />
	<mount x="150" y="84" rotate="false" mirror="false" gib="-1" slide="up" />
	<mount x="98" y="43" rotate="false" mirror="false" gib="-1" slide="no" />
</weaponMounts>
<explosion />

