<?xml version="1.0" encoding="UTF-8"?>

<!--Copyright (c) 2012 by Subset Games. All rights reserved.-->
<img x="-74" y="-37" w="587" h="529" />
<offsets>
	<floor x="68" y="31" />
	<cloak x="0" y="0" />
</offsets>
<weaponMounts>
	<mount x="482" y="311" rotate="true" mirror="false" gib="-1" slide="right" />
	<mount x="482" y="219" rotate="true" mirror="true" gib="-1" slide="right" />
	<mount x="371" y="144" rotate="true" mirror="true" gib="-1" slide="right" />
	<mount x="371" y="385" rotate="true" mirror="false" gib="-1" slide="right" />
</weaponMounts>
<explosion />

