<?xml version="1.0" encoding="UTF-8"?>

<!--Copyright (c) 2012 by Subset Games. All rights reserved.-->
<img x="-83" y="-15" w="446" h="246" />
<offsets>
	<floor x="223" y="123" />
	<cloak x="0" y="0" />
</offsets>
<weaponMounts>
	<mount x="386" y="72" rotate="false" mirror="false" gib="-1" slide="up" />
	<mount x="337" y="57" rotate="false" mirror="false" gib="-1" slide="up" />
	<mount x="108" y="57" rotate="false" mirror="true" gib="-1" slide="up" />
	<mount x="63" y="71" rotate="false" mirror="true" gib="-1" slide="up" />
</weaponMounts>
<explosion />

