<?xml version="1.0" encoding="UTF-8"?>

<!--Copyright (c) 2012 by Subset Games. All rights reserved.-->
<img x="-73" y="-69" w="358" h="523" />
<offsets>
	<floor x="179" y="261" />
	<cloak x="179" y="261" />
</offsets>
<weaponMounts>
	<mount x="63" y="52" rotate="false" mirror="true" gib="-1" slide="up" />
	<mount x="113" y="33" rotate="false" mirror="true" gib="-1" slide="up" />
	<mount x="244" y="33" rotate="false" mirror="false" gib="-1" slide="up" />
	<mount x="293" y="51" rotate="false" mirror="false" gib="-1" slide="up" />
</weaponMounts>
<explosion />

