<?xml version="1.0" encoding="UTF-8"?>

<!--Copyright (c) 2012 by Subset Games. All rights reserved.-->
<img x="-27" y="-35" w="239" h="304" />
<offsets>
	<floor x="119" y="152" />
	<cloak x="0" y="0" />
</offsets>
<weaponMounts>
	<mount x="228" y="41" rotate="false" mirror="false" gib="-1" slide="up" />
	<mount x="190" y="18" rotate="false" mirror="false" gib="-1" slide="up" />
	<mount x="74" y="18" rotate="false" mirror="true" gib="-1" slide="up" />
	<mount x="35" y="41" rotate="false" mirror="true" gib="-1" slide="up" />
</weaponMounts>
<explosion />

