<?xml version="1.0" encoding="UTF-8"?>

<!--Copyright (c) 2012 by Subset Games. All rights reserved.-->
<img x="-40" y="-8" w="221" h="305" />
<offsets>
	<floor x="110" y="152" />
	<cloak x="110" y="152" />
</offsets>
<weaponMounts>
	<mount x="188" y="28" rotate="false" mirror="false" gib="-1" slide="right" />
	<mount x="32" y="28" rotate="false" mirror="true" gib="-1" slide="left" />
	<mount x="212" y="98" rotate="false" mirror="false" gib="-1" slide="right" />
	<mount x="9" y="98" rotate="false" mirror="true" gib="-1" slide="left" />
</weaponMounts>
<explosion />

