<?xml version="1.0" encoding="UTF-8"?>

<!--Copyright (c) 2012 by Subset Games. All rights reserved.-->
<img x="-82" y="-19" w="446" h="260" />
<offsets>
	<floor x="223" y="130" />
	<cloak x="223" y="130" />
</offsets>
<weaponMounts>
	<mount x="102" y="64" rotate="false" mirror="true" gib="-1" slide="up" />
	<mount x="170" y="25" rotate="false" mirror="true" gib="-1" slide="up" />
	<mount x="277" y="25" rotate="false" mirror="false" gib="-1" slide="up" />
	<mount x="344" y="64" rotate="false" mirror="false" gib="-1" slide="up" />
	<mount x="205" y="-25" rotate="false" mirror="false" gib="-1" slide="no" />
</weaponMounts>
<explosion />

