<?xml version="1.0" encoding="UTF-8"?>

<!--Copyright (c) 2012 by Subset Games. All rights reserved.-->
<img x="-76" y="-20" w="326" h="400" />
<offsets>
	<floor x="163" y="200" />
	<cloak x="0" y="0" />
</offsets>
<weaponMounts>
	<mount x="289" y="64" rotate="false" mirror="false" gib="-1" slide="up" />
	<mount x="37" y="64" rotate="false" mirror="true" gib="-1" slide="up" />
	<mount x="246" y="25" rotate="false" mirror="false" gib="-1" slide="up" />
	<mount x="80" y="25" rotate="false" mirror="true" gib="-1" slide="up" />
	<mount x="182" y="-19" rotate="false" mirror="true" gib="-1" slide="no" />
</weaponMounts>
<explosion />

