<?xml version="1.0" encoding="UTF-8"?>

<!--Copyright (c) 2012 by Subset Games. All rights reserved.-->
<img x="-28" y="-9" w="408" h="421" />
<offsets>
	<floor x="204" y="210" />
	<cloak x="204" y="210" />
</offsets>
<weaponMounts>
	<mount x="360" y="148" rotate="false" mirror="false" gib="-1" slide="up" />
	<mount x="48" y="149" rotate="false" mirror="true" gib="-1" slide="up" />
	<mount x="319" y="116" rotate="false" mirror="false" gib="-1" slide="up" />
	<mount x="89" y="116" rotate="false" mirror="true" gib="-1" slide="up" />
	<mount x="256" y="45" rotate="false" mirror="false" gib="-1" slide="right" />
	<mount x="151" y="47" rotate="false" mirror="true" gib="-1" slide="left" />
	<mount x="222" y="224" rotate="false" mirror="true" gib="-1" slide="no" />
</weaponMounts>
<explosion />

