<?xml version="1.0" encoding="UTF-8"?>

<!--Copyright (c) 2012 by Subset Games. All rights reserved.-->
<img x="-44" y="-127" w="334" h="428" />
<offsets>
	<floor x="167" y="214" />
	<cloak x="167" y="214" />
</offsets>
<weaponMounts>
	<mount x="238" y="102" rotate="false" mirror="false" gib="-1" slide="up" />
	<mount x="292" y="119" rotate="false" mirror="false" gib="-1" slide="up" />
	<mount x="96" y="102" rotate="false" mirror="true" gib="-1" slide="up" />
	<mount x="42" y="119" rotate="false" mirror="true" gib="-1" slide="up" />
</weaponMounts>
<explosion />

