<?xml version="1.0" encoding="UTF-8"?>

<!--Copyright (c) 2012 by Subset Games. All rights reserved.-->
<img x="-32" y="-98" w="346" h="350" />
<offsets>
	<floor x="173" y="175" />
	<cloak x="173" y="175" />
</offsets>
<weaponMounts>
	<mount x="39" y="136" rotate="false" mirror="true" gib="-1" slide="up" />
	<mount x="109" y="109" rotate="false" mirror="true" gib="-1" slide="up" />
	<mount x="307" y="136" rotate="false" mirror="false" gib="-1" slide="up" />
	<mount x="237" y="109" rotate="false" mirror="false" gib="-1" slide="up" />
</weaponMounts>
<explosion />

