<?xml version="1.0" encoding="UTF-8"?>

<!--Copyright (c) 2012 by Subset Games. All rights reserved.-->
<img x="-138" y="-140" w="590" h="668" />
<offsets>
	<floor x="132" y="137" />
	<cloak x="0" y="0" />
</offsets>
<weaponMounts>
	<mount x="487" y="178" rotate="true" mirror="true" gib="-1" slide="right" />
	<mount x="532" y="224" rotate="true" mirror="true" gib="-1" slide="right" />
	<mount x="533" y="443" rotate="true" mirror="false" gib="-1" slide="right" />
	<mount x="489" y="488" rotate="true" mirror="false" gib="-1" slide="right" />
	<mount x="663" y="290" rotate="true" mirror="false" gib="-1" slide="no" />
</weaponMounts>
<explosion />

