<?xml version="1.0" encoding="UTF-8"?>

<!--Copyright (c) 2012 by Subset Games. All rights reserved.-->
<img x="-29" y="-39" w="233" h="322" />
<offsets>
	<floor x="116" y="161" />
	<cloak x="116" y="161" />
</offsets>
<weaponMounts>
	<mount x="215" y="54" rotate="false" mirror="false" gib="-1" slide="up" />
	<mount x="143" y="89" rotate="false" mirror="false" gib="-1" slide="up" />
	<mount x="90" y="89" rotate="false" mirror="true" gib="-1" slide="up" />
	<mount x="17" y="56" rotate="false" mirror="true" gib="-1" slide="up" />
</weaponMounts>
<explosion />

