<?xml version="1.0" encoding="UTF-8"?>

<!--Copyright (c) 2012 by Subset Games. All rights reserved.-->
<img x="-89" y="-30" w="639" h="446" />
<offsets>
	<floor x="83" y="24" />
	<cloak x="0" y="0" />
</offsets>
<weaponMounts>
	<mount x="400" y="48" rotate="true" mirror="true" gib="-1" slide="up" />
	<mount x="400" y="398" rotate="true" mirror="false" gib="-1" slide="up" />
	<mount x="498" y="77" rotate="true" mirror="true" gib="-1" slide="up" />
	<mount x="499" y="369" rotate="true" mirror="false" gib="-1" slide="up" />
</weaponMounts>
<explosion />

