<?xml version="1.0" encoding="UTF-8"?>

<!--Copyright (c) 2012 by Subset Games. All rights reserved.-->
<img x="-59" y="-59" w="538" h="435" />
<offsets>
	<floor x="269" y="217" />
	<cloak x="269" y="217" />
</offsets>
<weaponMounts>
	<mount x="99" y="48" rotate="false" mirror="false" gib="-1" slide="up" />
	<mount x="440" y="44" rotate="false" mirror="true" gib="-1" slide="up" />
</weaponMounts>
<mv-hullAnims>
    <hullAnim x="0" y="0">ddfalseradiance_archangel_godcore_hullanim</hullAnim>
</mv-hullAnims>
<explosion />

