<?xml version="1.0" encoding="UTF-8"?>

<!--Copyright (c) 2012 by Subset Games. All rights reserved.-->
<img x="-40" y="-36" w="326" h="414" />
<offsets>
	<floor x="163" y="207" />
	<cloak x="163" y="207" />
</offsets>
<weaponMounts>
	<mount x="35" y="70" rotate="false" mirror="true" gib="-1" slide="up" />
	<mount x="121" y="21" rotate="false" mirror="true" gib="-1" slide="up" />
	<mount x="290" y="70" rotate="false" mirror="false" gib="-1" slide="up" />
	<mount x="205" y="21" rotate="false" mirror="false" gib="-1" slide="up" />
</weaponMounts>
<explosion />

