<?xml version="1.0" encoding="UTF-8"?>

<!--Copyright (c) 2012 by Subset Games. All rights reserved.-->
<img x="-88" y="-18" w="526" h="386" />
<offsets>
	<floor x="263" y="193" />
	<cloak x="0" y="0" />
</offsets>
<weaponMounts>
	<mount x="375" y="50" rotate="false" mirror="false" gib="-1" slide="up" />
	<mount x="424" y="55" rotate="false" mirror="false" gib="-1" slide="up" />
	<mount x="103" y="55" rotate="false" mirror="true" gib="-1" slide="up" />
	<mount x="155" y="45" rotate="false" mirror="true" gib="-1" slide="up" />
</weaponMounts>
<explosion />

