<?xml version="1.0" encoding="UTF-8"?>

<!--Copyright (c) 2012 by Subset Games. All rights reserved.-->
<img x="-72" y="-72" w="391" h="373" />
<offsets>
	<floor x="195" y="186" />
	<cloak x="195" y="186" />
</offsets>
<weaponMounts>
	<mount x="264" y="33" rotate="false" mirror="false" gib="-1" slide="right" />
	<mount x="127" y="33" rotate="false" mirror="true" gib="-1" slide="left" />
	<mount x="300" y="93" rotate="false" mirror="false" gib="-1" slide="right" />
	<mount x="91" y="93" rotate="false" mirror="true" gib="-1" slide="left" />
</weaponMounts>
<explosion />

