<?xml version="1.0" encoding="UTF-8"?>

<!--Copyright (c) 2012 by Subset Games. All rights reserved.-->
<img x="-26" y="-20" w="191" h="279" />
<offsets>
	<floor x="-40" y="-40" />
	<cloak x="-8" y="-8" />
</offsets>
<weaponMounts>
	<mount x="12" y="96" rotate="false" mirror="true" gib="1" slide="left" />
	<mount x="178" y="96" rotate="false" mirror="false" gib="3" slide="right" />
	<mount x="23" y="67" rotate="false" mirror="true" gib="1" slide="left" />
	<mount x="167" y="67" rotate="false" mirror="false" gib="3" slide="right" />
</weaponMounts>
<explosion>
	<gib1>
		<velocity min="0.20" max="1.00" />
		<direction min="90" max="140" />
		<angular min="-1.00" max="-0.10" />
		<x>-40</x>
		<y>11</y>
	</gib1>
	<gib2>
		<velocity min="0.10" max="0.60" />
		<direction min="140" max="220" />
		<angular min="-0.30" max="0.30" />
		<x>3</x>
		<y>42</y>
	</gib2>
	<gib3>
		<velocity min="0.10" max="0.60" />
		<direction min="200" max="260" />
		<angular min="0.10" max="1.00" />
		<x>62</x>
		<y>1</y>
	</gib3>
	<gib4>
		<velocity min="0.10" max="1.00" />
		<direction min="-40" max="40" />
		<angular min="-1.00" max="1.00" />
		<x>12</x>
		<y>-27</y>
	</gib4>
</explosion>

