<?xml version="1.0" encoding="UTF-8"?>

<!--Copyright (c) 2012 by Subset Games. All rights reserved.-->
<img x="-100" y="-9" w="446" h="260" />
<offsets>
	<floor x="223" y="130" />
	<cloak x="0" y="0" />
</offsets>
<weaponMounts>
	<mount x="314" y="30" rotate="false" mirror="false" gib="-1" slide="up" />
	<mount x="390" y="67" rotate="false" mirror="false" gib="-1" slide="right" />
	<mount x="53" y="68" rotate="false" mirror="true" gib="-1" slide="left" />
	<mount x="132" y="30" rotate="false" mirror="true" gib="-1" slide="up" />
</weaponMounts>
<explosion />

