<?xml version="1.0" encoding="UTF-8"?>

<!--Copyright (c) 2012 by Subset Games. All rights reserved.-->
<img x="-143" y="-20" w="600" h="380" />
<offsets>
	<floor x="300" y="190" />
	<cloak x="0" y="0" />
</offsets>
<weaponMounts>
	<mount x="412" y="48" rotate="false" mirror="false" gib="-1" slide="right" />
	<mount x="181" y="51" rotate="false" mirror="true" gib="-1" slide="left" />
	<mount x="227" y="17" rotate="false" mirror="true" gib="-1" slide="up" />
	<mount x="372" y="23" rotate="false" mirror="false" gib="-1" slide="up" />
	<mount x="319" y="-26" rotate="false" mirror="true" gib="-1" slide="no" />
</weaponMounts>
<explosion />

