<?xml version="1.0" encoding="UTF-8"?>

<!--Copyright (c) 2012 by Subset Games. All rights reserved.-->
<img x="-28" y="-78" w="233" h="326" />
<offsets>
	<floor x="116" y="163" />
	<cloak x="116" y="163" />
</offsets>
<weaponMounts>
	<mount x="216" y="46" rotate="false" mirror="false" gib="-1" slide="up" />
	<mount x="17" y="46" rotate="false" mirror="true" gib="-1" slide="up" />
	<mount x="88" y="84" rotate="false" mirror="true" gib="-1" slide="up" />
	<mount x="145" y="84" rotate="false" mirror="false" gib="-1" slide="up" />
</weaponMounts>
<explosion />

