<?xml version="1.0" encoding="UTF-8"?>

<!--Copyright (c) 2012 by Subset Games. All rights reserved.-->
<img x="-35" y="-8" w="211" h="248" />
<offsets>
	<floor x="105" y="124" />
	<cloak x="105" y="124" />
</offsets>
<weaponMounts>
	<mount x="148" y="72" rotate="false" mirror="false" gib="-1" slide="right" />
	<mount x="63" y="72" rotate="false" mirror="true" gib="-1" slide="left" />
	<mount x="206" y="133" rotate="false" mirror="false" gib="-1" slide="right" />
	<mount x="5" y="133" rotate="false" mirror="true" gib="-1" slide="left" />
</weaponMounts>
<explosion />

