<?xml version="1.0" encoding="UTF-8"?>

<!--Copyright (c) 2012 by Subset Games. All rights reserved.-->
<img x="-39" y="-65" w="260" h="446" />
<offsets>
	<floor x="33" y="59" />
	<cloak x="0" y="0" />
</offsets>
<weaponMounts>
	<mount x="222" y="132" rotate="true" mirror="true" gib="-1" slide="right" />
	<mount x="201" y="88" rotate="true" mirror="true" gib="-1" slide="right" />
	<mount x="201" y="357" rotate="true" mirror="false" gib="-1" slide="right" />
	<mount x="221" y="313" rotate="true" mirror="false" gib="-1" slide="right" />
</weaponMounts>
<explosion />

