<?xml version="1.0" encoding="UTF-8"?>

<!--Copyright (c) 2012 by Subset Games. All rights reserved.-->
<img x="-122" y="-52" w="560" h="323" />
<offsets>
	<floor x="280" y="161" />
	<cloak x="0" y="0" />
</offsets>
<weaponMounts>
	<mount x="449" y="68" rotate="false" mirror="false" gib="-1" slide="up" />
	<mount x="111" y="68" rotate="false" mirror="true" gib="-1" slide="up" />
	<mount x="164" y="47" rotate="false" mirror="true" gib="-1" slide="up" />
	<mount x="395" y="47" rotate="false" mirror="false" gib="-1" slide="up" />
</weaponMounts>
<explosion />

