<?xml version="1.0" encoding="UTF-8"?>

<!--Copyright (c) 2012 by Subset Games. All rights reserved.-->
<img x="-30" y="-35" w="446" h="246" />
<offsets>
	<floor x="223" y="123" />
	<cloak x="0" y="0" />
</offsets>
<weaponMounts>
	<mount x="379" y="56" rotate="false" mirror="false" gib="-1" slide="right" />
	<mount x="316" y="21" rotate="false" mirror="false" gib="-1" slide="up" />
	<mount x="67" y="56" rotate="false" mirror="true" gib="-1" slide="left" />
	<mount x="131" y="21" rotate="false" mirror="true" gib="-1" slide="up" />
</weaponMounts>
<explosion />

