<?xml version="1.0" encoding="UTF-8"?>

<!--Copyright (c) 2012 by Subset Games. All rights reserved.-->
<img x="-79" y="-72" w="370" h="276" />
<offsets>
	<floor x="185" y="138" />
	<cloak x="0" y="0" />
</offsets>
<weaponMounts>
	<mount x="108" y="47" rotate="false" mirror="true" gib="-1" slide="up" />
	<mount x="243" y="51" rotate="false" mirror="false" gib="-1" slide="up" />
	<mount x="40" y="94" rotate="false" mirror="false" gib="-1" slide="up" />
</weaponMounts>
<explosion />

